<TablacusExplorer><All Name="Previous Tab" Mouse="28" Type="Tabs">Previous Tab</All><All Name="Next Tab" Mouse="29" Type="Tabs">Next Tab</All><List Name="Back" Mouse="2L" Type="Tabs">Back</List><List Name="Forward" Mouse="2R" Type="Tabs">Forward</List><List Name="Up" Mouse="2U" Type="Tabs">Up</List><List Name="Refresh" Mouse="2UD" Type="Tabs">Refresh</List><List Name="New Tab" Mouse="2D" Type="Tabs">New Tab</List><List Name="Close Tab" Mouse="2DR" Type="Tabs">Close Tab</List><List Name="Forward" Mouse="12" Type="Tabs">Forward</List><List Name="Back" Mouse="21,4" Type="Tabs">Back</List><List Name="Open in Background" Mouse="3" Type="Selected Items">Open in Background</List><List Name="Forward" Mouse="5" Type="Tabs">Forward</List><List_Background Name="Up" Mouse="11" Type="Tabs">Up</List_Background><List_Background Name="New Tab" Mouse="3" Type="Tabs">New Tab</List_Background><Tabs Name="Lock" Mouse="11" Type="Tabs">Lock</Tabs><Tabs Name="Close Tab" Mouse="3" Type="Tabs">Close Tab</Tabs><Tabs Name="Previous Tab" Mouse="8" Type="Tabs">Previous Tab</Tabs><Tabs Name="Next Tab" Mouse="9" Type="Tabs">Next Tab</Tabs><Tabs_Background Name="New Tab" Mouse="11" Type="Tabs">New Tab</Tabs_Background></TablacusExplorer>
