﻿<TablacusExplorer><Default Base="1" Pos="-1"><Item Icon="" Name="Folder" Filter="*.folder" Type="Selected Items">Open</Item></Default><Context Base="2" Pos="1"><Item Icon="" Name="Open in New Tab" Filter="*.folder" Type="Selected Items">Open in New Tab</Item><Item Icon="" Name="Open in Background" Filter="*.folder" Type="Selected Items">Open in Background</Item></Context><Background Base="3" Pos="0" /><Tabs Base="0" Pos="0"><Item Icon="" Name="&amp;Close Tab\t$2011" Filter="*" Type="Tabs">Close Tab</Item><Item Icon="" Name="Cl&amp;ose Other Tabs" Filter="" Type="Tabs">Close Other Tabs</Item><Item Icon="" Name="Close Tabs on Left" Filter="*" Type="Tabs">Close Tabs on Left</Item><Item Icon="" Name="Close Tabs on Right" Filter="*" Type="Tabs">Close Tabs on Right</Item><Item Icon="" Name="" Filter="" Type="Menus">Separator</Item><Item Icon="" Name="&amp;Refresh\t$3f" Filter="*" Type="Tabs">Refresh</Item><Item Icon="" Name="&amp;New Tab\t$2014" Filter="" Type="Tabs">New Tab</Item><Item Icon="" Name="" Filter="*" Type="Menus">Separator</Item><Item Icon="" Name="&amp;Lock" Filter="*" Type="Tabs">Lock</Item><Item Icon="" Name="Show frames" Filter="*" Type="Tabs">Show frames</Item><Item Icon="" Name="Open in E&amp;xplorer" Filter="*" Type="Tabs">Open in Explorer</Item></Tabs><Tree Base="2" Pos="0" /><File Base="4" Pos="-1"><Item Icon="" Name="" Filter="" Type="Menus">Separator</Item><Item Icon="" Name="&amp;Close Application" Filter="" Type="Tools">Close Application</Item></File><Edit Base="5" Pos="-1"><Item Icon="" Name="Copy Full Path" Filter="" Type="Tools">Copy Full Path</Item></Edit><View Base="6" Pos="-1"><Item Icon="" Name="" Filter="*" Type="Menus">Separator</Item><Item Icon="" Name="&amp;Up One Level\t$e" Filter="*" Type="Tabs">Up</Item><Item Icon="" Name="&amp;Refresh\t$3f" Filter="*" Type="Tabs">Refresh</Item></View><Favorites Base="8" Pos="-1" /><Tools Base="0" Pos="0"><Item Icon="" Name="&amp;Reload Customize" Filter="" Type="Tools">Reload Customize</Item><Item Icon="" Name="" Filter="" Type="Menus">Separator</Item><Item Icon="" Name="&amp;Load Layout..." Filter="" Type="Tools">Load Layout</Item><Item Icon="" Name="&amp;Save Layout..." Filter="" Type="Tools">Save Layout</Item><Item Icon="" Name="" Filter="" Type="Menus">Separator</Item><Item Icon="" Name="&amp;Add-ons..." Filter="" Type="Options">Add-ons</Item><Item Icon="" Name="&amp;Options..." Filter="" Type="Options">General</Item></Tools><Help Base="7" Pos="-1" /><Systray Base="0" Pos="-1" /><System Base="0" Pos="6"><Item Icon="" Name="&amp;Options..." Filter="" Type="Options">General</Item><Item Icon="" Name="" Filter="" Type="Menus">Separator</Item></System><Alias Base="1" Pos="0"><Item Icon="" Name="Options" Filter="about:config" Type="Options">General</Item><Item Icon="" Name="Add-ons" Filter="about:addons" Type="Options">Add-ons</Item></Alias></TablacusExplorer>