<TablacusExplorer><Window Left="156" Top="156" Width="1308" Height="692" CmdShow="1" DPI="96" Installed="C:\Users\valen\Downloads\te240511"/><Ctrl Type="196608" Left="0" Top="0" Width="100%" Height="100%" Style="19009" Align="2" TabWidth="96" TabHeight="0" SelectedIndex="1" Visible="1" Group="0"><Ctrl Type="1" Path="D:\tmp" FolderFlags="8192" ViewMode="4" IconSize="16" Options="8" ViewFlags="1" FilterView="" Lock="0" Align="3" Width="200" Flags="33443" EnumFlags="32" RootStyle="2" Root="0" LogIndex="0"><Log Path="D:\tmp"/><Log Path="D:\"/><Log Path="C:\"/></Ctrl><Ctrl Type="1" Path="C:\Users" FolderFlags="8192" ViewMode="4" IconSize="16" Options="8" ViewFlags="1" FilterView="" Lock="0" Align="3" Width="200" Flags="33443" EnumFlags="32" RootStyle="2" Root="0" LogIndex="0"><Log Path="C:\Users"/><Log Path="C:\"/><Log Path="D:\tmp"/></Ctrl></Ctrl></TablacusExplorer>
